,ID,Latlng,Title,Age,Gender,Work_experience,Last_employment_date,Education,Sector,Salary,Tweets,Positive_tweets_no,Train_station_id,Train_station_distance,Travel_min_cbd,Shopping_center_id,Distance_to_sc
0,ID3854652,[-37.92672348 145.0484314 ],Dr,26,0,5,2018-09-20,1,IT,1922,"['Sydney-born virologist Sotiris Tsiodras has been rated the most popular person in Greece for helping the country avoid a disaster like those seen elsewhere in Europe | @AnnaPattySMH https://t.co/CBkZblMfaP', 'THIS SUMMER, OUR LIVES REST UPON A LLAMA NAMED WINTER https://t.co/O1cmVNLXkQ', 'Safety kits for passengers and more: your guide to airport, flight rules\n\nRead more here: https://t.co/ek1idxXh3L https://t.co/eiYUMgfp8F', ""Vaccinate Trump first.   &lt;&gt;&lt;&gt;&lt;&gt;\nFormer Army medical research commander: It would be 'terrible' if political pressure rushed Covid-19 vaccine  \n\nhttps://t.co/jRR0IA81xL"", 'Minister Robert: ""You can trust our Government with your data""\n\nMinister Dutton: ""Give us your passwords or we will put you in jail""\n\nPeople of Australia: üñï\n\n#auspol #covidapp #coronavirus\n#COVID19au', 'These Scientists Saw COVID-19 Coming. Now They‚Äôre Trying to Stop the Next Pandemic Before It Starts. https://t.co/w3EiCwZt00 https://t.co/4lUxaxd8wz', ""Oh, so now we're making passive aggressive threats https://t.co/kpfFK7XwOh"", 'https://t.co/vSwFxoFrfN', '@PressSec @txwyokcowgirl @realDonaldTrump https://t.co/KokdcfOYyV https://t.co/r2BwKQ5rDf', ""We're in this together.\nStay strong Italy, Iran, Spain\n#COVID19 #prayforitaly #KeaDrive"", 'Covid-19 has reminded us how utterly useless and irrelevant actors are to society. Stay in your f**king lane @ushnashah https://t.co/vYepk8wgAB', 'VACCINE MISINFORMATION\nRobert Kennedy points out that misinformation is being generated by mainstream pharmaceutical medicine, mainstream media &amp; government\nAll the information he uses comes from OFFICIAL sources that is not allowed in the public domain\nhttps://t.co/DTde44Dgev', 'Makeshift Covid-19.\nThe new facility will use four out of ten towers at the athletes‚Äô village in Kemayoran with a combined capacity of more than 4,400 beds and can be expanded. https://t.co/zpRdPkIL8o', 'What does it sound like when #COVID19 meets #Politics in a country named #Algeria ? \n\nRead more üëáüëá\nDzayeria: COVID-19, Politics &amp; Algeria https://t.co/FDykiRstkw\n\n#Dzayeria\n#Prominent_thoughts', 'The latest The Jobs in Aachen Daily! https://t.co/Nc3eBBkGXQ #coronavirus #ausnahmezustand', 'Keelakarai Coronavirus Cases, Total Covid 19 Keelakarai Count Live, Patients &amp; Death List, Lockdown News &amp; Updates #coronavirus, #coronaviruscases, #coronaviruslockdown, #coronavirusoutbreak, #COVID„Éº19, #COVID19, #COVID2019 https://t.co/27hKuATSqG', 'Didn‚Äôt think my birthday could get any shitter than it was last year, then BANG covid-19', ""'Gutted' Ian Wright reveals what he told Jack Grealish after he broke coronavirus lockdown rules https://t.co/GuoXzVw5wc"", 'Coronavirus likely hammered U.S. economy in first\xa0quarter https://t.co/SNiANs33Ja https://t.co/n7YyRQRohL', 'Our CEO, David Marsh has given us his predictions for the future of Apprenticeships after COVID-19. To find out how Babington has been dealing with the Lockdown and how we are moving forward, read this: https://t.co/JQxiXHKbgo #Apprenticeships #SkillsSector #COVID19 #CoronaVirus https://t.co/asjns9smwb', '#StopKillingBusDrivers Dear @meganspecia @nytimes - If you ever cover @TfL Bus Driver #Covid19 Scandal again, please talk to @MLiebreich before you ask @MayorofLondon &amp; @unitetheunion for their SPIN. Ta! https://t.co/Kyh633UUft https://t.co/aAVR3zbuh9', 'https://t.co/jct2CnRtve', 'Tragic and unfortunate\n\n#COVID19 https://t.co/BcBJz9AlRm', '@iRuntown 0241982370\nWema bank\n\nMoney is really needed this coronavirus', '#tils not just a one trick pony! News just round the corner and this will take off! üöÄüöÄüöÄ #sng #ncyt #odx #ihc #val #orcp https://t.co/YGDqya8SLr', 'But, we have done a amazing job, we kept the deaths below a million,  and, we are doing a great job, all of you know it &amp; I know it. Many people are saying it &amp; many people know it. I just took a drug that is a miracle &amp; like a miracle all this shit will go away. It was hoax! https://t.co/1CZ45iURns', 'James Isreal üá≥üá¨ Spread The Message And Not The Virus ü¶† #StayHome #StaySafe To #SaveLives Ensuring A #SafePlanet That Been Our Role, And Our Ultimate Goalüí´ A StaySafe International Initiative To Help Stop The Spread Of The #Covid19 #StaySafeCovid19 #StaySafeNigeria #Quarantine https://t.co/orucbrSgaD', 'COVID-19 WATCH 20 mins ago Singapore otters‚Äô lockdown antics spark backlash Singapore‚Äôs otters, long adored by the city-state‚Äôs nature lovers, are popping up in unexpected places during the coronavirus lockdown but... https://t.co/BW4Qs2zRcA', 'School governors are calling on the government to drop plans for all primary pupils to be back in school before summer holidays\nhttps://t.co/7TvcPhrDbJ', 'COVID-19: Some US national parks are re-opening for Memorial Day weekend #Coronavirus https://t.co/LYCG883ddH', 'Relieve boredom using only a smartphone! Find out more in a new blog post on photography from @_RCOnline_ https://t.co/Lztf94gnE0 #RecoveryCollegeOnline #Coronavirus #Photography https://t.co/BJ5GKCs6FX', 'Complete &amp; profound failure. Sent our supplies to China 2/7/2020. Now today announces sending med supplies to Italy when our healthcare professionals are short! ü§¨ https://t.co/RfQ0GnOjYm', 'https://t.co/NMnKdFXJN5. Vale.']",12,19938,1.15,40,SC_046,1.68
1,ID3758091,[-37.837993 144.875798],Mr,31,0,5,2019-07-17,0,IT,1402,[],0,19994,0.86,20,SC_033,2.85
2,ID3766431,[-37.75367  144.990189],Mr,31,0,5,2019-09-09,0,IT,1406,"['The same WHO that once said there was no need for flight ban, the same WHO that said covid 19 can not transfer from human to human... https://t.co/wY6GJIcoSj', 'Interesting the Marxist Medics are clapping the Terrorists now ü§î https://t.co/NVRkm0urAb', 'Disgraceful display of historical ignorance. Yep, you guessed it, Victoria. Again. https://t.co/FvTxyRAVk0', 'Here Are All The Funding Landmines Congress Stuffed Into The 3rd Coronavirus Stimulus Bill https://t.co/SiraBOKhPo #Covid19Relief #DemBS #Democrats #Politics #StimulusBill', ""Trump claims victory as Texas Supreme Court rules lack of coronavirus immunity doesn't qualify as disability requiring mail-in ballot https://t.co/4ckvqNEEn8"", 'Ontario to release ‚Äòstark‚Äô COVID-19 projections Friday https://t.co/iTw7WC0SI2', 'Expect U-shaped global economic recovery after Covid-19 pandemic: Poll\xa0#thelatestnews https://t.co/su2InBwwGm', ""Coronavirus UK: 'Toerags' attack vans delivering food to NHS hospitals https://t.co/it9iJ8dKs7"", 'Why do people misconstrue scientific reports? A piece by @alexlockwood and me on the importance of clear, accurate and cognitively salient language, particularly when discussing the facts around #COVID19 https://t.co/d4Rw8ZJMer #languageawareness #cognitivelinguistics', ""Community buy-in and quiet weekends: What it's like to be a police officer amid a COVID-19 crisis https://t.co/zONjux9qF4"", 'https://t.co/o5lGLezoLg', 'The #Coronacrisis has affected #Regions differently, showing diverse levels of resilience of local economies across Europeüá™üá∫\n\nFind out more about ECRN‚Äôs response to #COVID19 ü¶†\nüëâ https://t.co/m1iDR2l3Xe https://t.co/UmSMufo7cI', 'Southeast Asia: Laos has no new COVID-19 case for 25 consecutive days https://t.co/hlU6hc8JMp', 'Seriously can‚Äôt make this shit up. https://t.co/HMmJkjr7J4', 'MW Horticulture Recycling is proud to be an essential business of Lee County and further proud we were able to hire 2 good people today that had been laid off due to the Coronavirus.  These are permanent full time‚Ä¶ https://t.co/2dKN0EdmPU', 'Coronavirus lockdown: Boots offers safe space for domestic abuse victims https://t.co/g2kyqCvzSA', 'Earn now without wasting time with this magnificent easy and precise guide https://t.co/64TbC3ciIy\n#self #selfhelp #help #business #online #usa #motivational #tutoria #ebook #covid19 #covid #COVID19italia #Covid19usa #COVID2019 #coronavirus #CoronavirusUSA #chash #guadagna #work', 'Patients, doctors struggle to procure two ‚Äòlife-saving‚Äô Covid-19\xa0drugs https://t.co/L7XyDkVDXp', ""Petition: Coronavirus Support Package for Directors / Shareholders of small Limited Co's. https://t.co/t3iAnwPHJx"", 'Shaheen Bagh protest site cleared by police amid Delhi lockdown over Coronavirus #CoronaUpdatesInIndia #coronavirus', 'Thread 2of3\n\n14th March Stereophonic\'s concert could go ahead in Cardiff\n\nHere\'s what was reported on 27th March (13days later)\nhttps://t.co/JbINGLQxsI\n\nThe point is this: UKgov COULD av decided from this ""scientific evidence&amp;advice"" to lockdown back then but THEY decided not to', '@Let talk about sustainable development https://t.co/cUggr7rn19 / We are relaying divers information from divers sources on our social communication channel. We are also collecting information on the ground: https://t.co/bZqwtsFZQI / #digitalwithoutborders https://t.co/M11VkwYd75', 'The dread of #coronavirus made a family abandon the body of a 35-year-old kin on the roadside even though he had died of asthma and heart ailment complications, police said on Monday. https://t.co/FLeJSe16GM https://t.co/sBueAghCmO', 'Arizona death row inmate dies from from coronavirus complications, lawyer says https://t.co/oX2Kc9gTIk https://t.co/2TGLwWvYs2', 'üòÇ https://t.co/mWRcXz0emq', 'lol all this company saying ‚ÄúDue to Covid-19 we are unable to help but please go to our FAQ‚Äôs for more details‚Äù it‚Äôs literally their excuse to not wanna help üôÉ', 'Number one despised and also hated person on FB https://t.co/OL2GNYRcyY', 'SO ANO NA GUYS https://t.co/74oryGEDhu', 'FOOL! https://t.co/yMc0obhP1j', 'CQFD https://t.co/CuWQ9BsndU', 'Need help with your social media marketing?\n\nCheck out our brand new group on Facebook - Social Media Marketing During A Crisis\n\nhttps://t.co/BQHFkTcYRI\n\n#B2B #SocialMediaMarketing #Ads #Content #ContentManagement #LeadGeneration #CoronaVirus #Covid19 https://t.co/WZPMW27mBT', '#Dispatches - ‚ÄòCoronavirus: Did the Government Get it Wrong?‚Äô ... everyone should watch this on 4oD!']",6,20014,0.75,22,SC_103,1.88
3,ID7676832,[-37.714212 145.063109],Mr,28,0,7,2019-12-10,0,Data Science,2663,"[""@thedailybeast Residents of Grand Island, Nebraska should sue the ingrate SOB for dereliction of duty &amp; responsibility not unlike Donald Trump's response to the Coronavirus outbreak &amp; now pandemic. Americans must not allow Synchophants and derelicts to take over America."", '@standamericanow @NikkiHaley https://t.co/30R7SdedyO', 'Ppl going to the DR were dropping like flies. COVID-19 has the same effect correct? Could they have died from the virus.?', 'The great American coronavirus giveaway https://t.co/UKfoRWI90u', 'Here are the Belgian data:\nhttps://t.co/WiLrv7Ml6Y\nWhere exactly would that put Belgium in our chart? https://t.co/YaTBVkTg0e', 'Ohhhh @NYGovCuomo your inconsistency is the only thing consistent you and @NYCMayor are complete failures and y‚Äôall‚Äôs buffoonery know no bounds. #Democratsareadisgrace #democratsarecorrupt https://t.co/MPC8yrCx0N', ""Senate Republicans release an ad showing Trump's excellent handling of the coronavirus https://t.co/o0lTfuicrc"", 'Doctors and Nurses Dancing to ‚ÄòDon‚Äôt Stop Believin‚Äô‚Äô as Coronavirus Patients Leave the Hospital Will Make You Emotional https://t.co/gJWh7ltE0P', 'Once Durham completes the criminal prosecutions of all who participated in #ObamaGate  he can criminally investigate #KillerCuomo &amp; Wolf! https://t.co/JHorcvXTC8', 'Yes wtf https://t.co/Ac1ri1I0nX', '#Covid19 #Covid19Pandemic #MortgageRefinance #MortgageRefinancing https://t.co/4yuzVv7XTJ https://t.co/iLSY44Mwn0', 'https://t.co/GP4df8k0zP', 'COVID-19: Twitter boss pledged $1B for Fight against Coronavirus and to cushion its effects https://t.co/timupAcxeE via @duchytvnews\n\n#lockdown #Coronavirus', 'Haryana: Month after plan, PGIMS Rohtak yet to get coronavirus facility https://t.co/Q0qnoIWBe5 via @timesofindia', 'Uganda women fear food shortages will make coronavirus and HIV a deadly mix https://t.co/Lzu1ncLQX0', 'It‚Äôs out &amp; it‚Äôs fab, please download @STVNews @BBCScotland @NicolaSturgeon @Beathhigh @skinner_jay @FrankOnTheRadio @AndyEastwoodUK @GramSkin @LewisCapaldi @Daisynmurphy @shaunamacd0nald @jomowat @lezleymarion @MonicaLennon7 @RuthDavidsonMSP @KevinStewartSNP @ArtyBagger https://t.co/O9oKI6npD7', 'NEW: Trump Admin Awarding #Covid_19 Contracts to Friends &amp; Donors. LINK: https://t.co/Nw768S6SIA #SmartDissent #Corruption #TrumpSwamp #coronavirus #HealthcareHeroes https://t.co/HFXCUoyVzs', 'YOUR WELLNESS NUGGET: COVID-19 AND RETURNING TO WORK\n\nhttps://t.co/n5taKjPae2 https://t.co/zezry6VA0v', ""@Tejaswi230788 Sir, the Airline cancellation is due to the lock-down imposed to manage the outbreak of coronavirus. That's why we‚Äôre providing a credit note of the same booking amount to our customers which can be used for their future travel. Visit https://t.co/NBfJSGop0D  for details. ~Vishnu"", '@KDSmet At these times, when basically 80% of the economy is shut down for 2 months already, the impact is huge. It all depends when the quarters are starting/ending to see/feel the impact of Covid-19 customer investment stops due to the uncertainty.', 'UK now has more daily coronavirus deaths than the rest of Europe combined https://t.co/Xg5kNLdaOp', '@Breaking911 @maxnesterak Its almost like they realize Coronavirus narrative is dying.....so.......back to soros racial bs', '@guardian She‚Äôs not just an expert in #coronavirus now but also on farming? The things young people learn in school these days... oh, sorry: I mean the things you learn by not going to school these days üòÜ', 'Edinburgh festivals cancelled due to coronavirus\nhttps://t.co/eD3vdCzGy5 https://t.co/4KKJ3bmlP6']",8,19983,1.42,31,SC_047,3.96
4,ID3469176,[-37.703906 145.031519],Dr,30,0,5,2019-12-30,1,IT,1910,"['@RKRadhakrishn @Siroccoracing District wise absolute number of tests conducted are not released ! https://t.co/IUbijgUEaG', 'And, you have described knowing of a significant risk while also playing it down. Given your influence and the trust that many have in you, surely this impacted some American‚Äôs decisions to not worry about it, unless you feel you‚Äôre not that powerful? https://t.co/UODhiAeSYG', 'The latest The Sofia Quintero Daily! https://t.co/KtKn9QUnDW Thanks to @DrAlethaMaybank @ethiopienne @nowhitenonsense #covid19 #nyc', '#NowPlaying DJ GOLD - DJ GOLD - MIXTAPE ESSENTIALS # 4\n\nListen Here:   https://t.co/Yw3WosT3B6\n\n#COVID19\n - STAY home as much as you can\n - KEEP a safe distance\n - WASH hands often\n - COVER your cough https://t.co/8tzYZUlOpV', 'REPORT: CDC Confirms Americans At Extremely Low Risk Of Dying From Covid-19 https://t.co/ikMrpZOKbe via @@realdcwhispers', '1:30pm it is... https://t.co/jjYdq6Ij2f', 'Looking forward to seeing where this gets to - hopefully care pathways will also extend to patient rehabilitation https://t.co/BcZbok2SH2', '#CryptoCommonwealth #CBND #blockchain #crypto #bitcoin https://t.co/vHqEKtjjvl', ""With Fleet Match, Uber was already operating as a low-wage labor broker. Then came Uber Works. Now, COVID-19 pushes the company further down the 'low road' of temp employment, as it introduces its Work Hub:\nhttps://t.co/2vhhPqFk0d"", '@TamilTheHindu Already GOI approved private hospitals for treating #COVID19', 'Coronavirus lockdown: PM Modi asks Gayatri Parivar head to create awareness on COVID-19\nhttps://t.co/YUr2uAWD9t via NaMo App https://t.co/xD7VtqGWKX', 'We are not interested in picture, why is it difficult for you people closer to Buhari to advise him to address the nation since the #CoronavirusPandemic.\nPresident Buhari is incompetent. https://t.co/nMIHRKXYqP', ""Turkey's COVID-19 cases Saturday exceeded 155,000 with more than 1,100 new cases. Meanwhile, Iran witnessed a higher surge of coronavirus cases with the tally surging past 133,000. https://t.co/g4D02kSpha"", 'üî¥ Eleven new #COVID19 cases recorded \n\nüî¥ Number of active cases now 434\n\n#COVID19SL #COVID19LK #SriLanka #LKA #lka https://t.co/UIFkvEplar', '#Headlines #approve #Covid19 Parliament approves GHC288.6 million tax exemptions for health workers https://t.co/EfgxUNmy0L https://t.co/KiALbm93tl', 'thots ‚Äòn preh‚Äôrs.. https://t.co/IryVvlGC2q', '@JulieCa80940014  read comments https://t.co/71edcwWaPr', 'Just hearing that my good friend and mentors wife is in the hospital with Coronavirus. If you are a person of faith please help pray for her. üò•üò•', '@vivekagnihotri THIS\nAS IN  U A E\n\n@saivenkat1106 @_BeautifuIMind @Mahesh26thMay14 @Prasan2016 @Sandeepkhaitan @_ensine \n\nhttps://t.co/2hRPbDmlDn', 'Chen Chien-jen has embraced a rare dual role, using his political authority as vice president to criticize China‚Äôs response to the virus even as he hunkers down to analyze trends in transmission. https://t.co/b9iHNpqnVm', 'BBC News - Coronavirus: India to loosen lockdown despite record cases https://t.co/DnKsDwuevI', 'Coronavirus: Spanish PM promises to ease confinement of children https://t.co/ZtlAnIYNxE']",11,20009,1.99,32,SC_047,3.86
5,ID3583471,[-37.922494 145.130626],Mr,25,0,6,2018-11-16,0,IT,1724,"['I just signed the petition asking @RobertJenrick and @BorisJohnson to make sure that proper protections are in place and no one is evicted as a result of the #coronavirus crisis.  Will you sign too? https://t.co/pxzxxNOWjv via @38_degrees', 'Experts Worry About #CDC Being Sidelined in #Coronavirus Response: https://t.co/VjxvMJcA7G', 'The full communique of the @_AfricanUnion Bureau of Heads of States 2nd conference on #COVID19  convened by Chair of hte Union @CyrilRamaphosa: https://t.co/Dqfw1TVrbQ https://t.co/A2xw9K8Jf9', 'COVID-ALERT: Amazon warehouse workers plan nationwide protest to demand\ncoronavirus protections - Global Pandemic News | #Coronavirus #COVID19 - https://t.co/2j4Avr4vdj https://t.co/UfXhe6ksXA', 'Does #SocialDistancing really work?\n#COVID„Éº19 #CoronavirusOutbreak #COVID19 #coronavirus #realUSPolls', 'One more joke pls..or  Give Mike to your son the greatest entertainer of all times. https://t.co/FCfp3fENat', 'Donny.....is that you? https://t.co/LvnpFhVfVl', 'such a historic and nice thing to see; the bitter irony is that \ndeath has brought people more together and overcame rivalry \nhttps://t.co/juWPXkvQAf #COVID„Éº19', '@JeffreyGuterman @realDonaldTrump The president has not murdered 90,000 people COVID-19 is the murder', '#COVID19 Trump on Money before Lives. Amazing people vote for him!\n\nhe has admitted that people will suffer as a result. ‚ÄúWill some people be affected badly? Yes,‚Äù Trump said on Tuesday. ‚ÄúBut we have to get our country open, and we have to get it open soon.‚Äù', 'How would you best describe the business sentiment at this point of time in India? #ETInsights would like to understand the impact of the #pandemic on your business. Voice your opinion here: https://t.co/Q4wVZqkHEw #ReimagineBusiness #CEOSurvey #Covid19 #Coronavirus', '(1/4)We are extremely grateful to the Government of Pakistan through the Digital Pakistan Initiative for partnering with us and letting us develop data science algorithms to fight the COVID19 virus. \nWe stand shoulder-to-shoulder with the Government of Pakistan in this fight.', 'Just had a talk with God. \nHe is ready to uninstall Year2020. Too dangerous #CoronaVirus Human unable to cleanse.', 'A vaccine against #COVID19 could save millions of lives. @winstonpeters @jacindaardern, will New Zealand step up and pledge new money so @CEPIvaccines can fund an urgent vaccine and help eliminate coronavirus across the globe?', 'https://t.co/s0KdlVmcyD']",4,19915,0.92,38,SC_073,5.18
6,ID3507581,[-37.781151 145.129762],Mrs,35,1,8,2018-07-25,0,IT,2490,"['Coronavirus latest updates: 16 migrant workers killed in 3 different road accidents in 24 hours https://t.co/AG8eg6zkGi via @timesofindia', 'WTF? https://t.co/uBiGA2h2xe', 'Fox News Host Encourages Healthy People To Get Out There Amid Coronavirus Pandemic\n‚ÄúHerd immunity is our friend,‚Äù declared Pete Hegseth. But leading epidemiologists fiercely disagree.\nheadshot\nBy Lee Moran', 'Connected hearts ...With love from Eldon ... to the families on Ward 23 RPH üíï#Covid19 @pav_akhtar @blogpreston @LancashireCC @ClinEdTeam https://t.co/FrpqLoFctT', 'Barrington Gardiner doesn‚Äôt care about infection through contact in Parliament. He has joined &amp; physically embraced rioters on the streets regardless of cross infection by contact. He doesn‚Äôt care, but he can pretend he does when he baits others https://t.co/KzWB241Um5', 'A worker collects bottles of hand sanitiser during the eighteenth day of the lockdown imposed by the government amid concerns about the spread of coronavirus disease (COVID-19) outbreak, at Nepal Aushadhi Limited in Kathmandu https://t.co/rG5BipZS5x', '@Reuters If we wouldn‚Äôt allow any death to labeled coronavirus regardless of the true cause of deaths like other countries, our numbers wouldn‚Äôt be this high.', 'Lol https://t.co/ymuZ0dM2vf', 'COVID-19 keep on exposing their ignorance covered with a veil. How could a supposed man of God be this ignorant, arrogant and bent on misguiding his sheeples ü§¶\u200d‚ôÇÔ∏èü§¶\u200d‚ôÇÔ∏è https://t.co/OrBlHlq7Zk', 'Virender Sehwag Extends Helping Hand to Migrant Workers, Prepares Meals Alongside Family (See Pics)\n\n@virendersehwag | #CoronaPandemic | #COVID19 \n\nhttps://t.co/eFbDqhckdy', '#AsadUmar has said that loss of more than 1900 precious lives due to #coronavirus is tragic and shows the enormity and gravity of the situation.\n#Pakistan #PakistanFightsCorona #Lockdown #CoronavirusPandemic #CoronaVirusPakistan #COVID„Éº19\nhttps://t.co/LEof1FixUl', 'This will drive @realDonaldTrump absolutely bonkers\n\nChina published the 1st human trial, 22/5/20\n\nLancet: First human trial of #COVID19 vaccine finds it is safe and induces rapid immune response: finding from a dose-escalation, single-centre, open-label\n\nhttps://t.co/Ii0IEr4Jsq', 'Jeffrey Sachs on the Catastrophic American Response to the #Coronavirus | https://t.co/NIIguxOXfd', 'Rohit Sharma Contributes Rs 80 Lakhs To Fight Corona Crisis https://t.co/APwXOPrXlY via @stumpnbails @ImRo45  @group1crew #Coronavirustruth #coronavirus #TuesdayThoughts #TuesdayMotivation #TuesdayMorning', 'From today Greece is no longer in a state of emergency. We managed to hammer the pandemic curve, now we ought to dance sensibly until we beat COVID19 for good. A good week to everyone around the globe. https://t.co/W9tP2u385h', 'As COVID-19 social media fatigue sets in, pharma begins to ... #socialmedia https://t.co/vXqlot0NGj', ""#NewsAlert - Fruits and vegetable market in Mumbai's Dharavi, Matunga to close down.\n\n#IndiaFightsCOVID19 | #StayHome \n\nLatest updates: https://t.co/9cYJRAMhtX https://t.co/kzGISAWNxD"", 'LIVE: Trump Coronavirus White House Press Briefing https://t.co/DQbydJ4lWG via @YouTube', 'Top 5 exercises for your quarantine workout (Lockdown Edition)\n&gt;&gt;&gt;  https://t.co/8OhV3k6BSl\n\n#WorkoutFromHome #coronavirus #StayHome', '@ABPNews https://t.co/LQsQZ6jN0h', '5 Ways Tech Will Have Evolved Post-Coronavirus -- https://t.co/ttgnRZQQrq --\n\nLooking at how technology has positively impacted our lives during an uncertain situation\n\nContinue reading on The Startup ¬ª https://t.co/xt4VP1p3b2', 'Covid-19 to wipe out equivalent of 195m jobs, says UN agency @aiww \u2066@badiucao\u2069  https://t.co/Pd0gp0or7O', '#TestTraceIsolate https://t.co/s6gUP57iCq', 'Amazing Results I always love to see üòç\n\nFollow https://t.co/AEypq4Wwpw \n\nDM for enquiries üì≤\n\n#iasotea #totallifechanges #day59oflockdown #COVID19 #lockdown #COVID #SouthAfrica #detoxlife https://t.co/l4flYHoK13', '#coronavirus please go away :)', 'CSR: Landmark Group commits support towards COVID-19 relief efforts\n\nRead More: https://t.co/zl8Q7lXF0m\n#indiacsr #indiacsrnetwork #csrnetwork #csrindia #csr #RusenKumar #CSRofLandmarkGroup #LandmarkGroup https://t.co/DkiC52QQ29', 'Best teacher during lockdown... https://t.co/UPNL5wpmf9', 'No annual growth target for #CoronaVirus-hit #China, a first in years https://t.co/Id4IPurvNu', 'After-hours bump for @GileadSciences after @US_FDA grants emergency use authorization.  #investing #stockstowatch #daytrading #StockMarket \n\nhttps://t.co/9VSY2QluMD', 'within Korea. Just recently, Seoul (Reuters) announced that the very first shipments of international medical aid are to be arriving at the North Korean border this week in attempts to increase defense against the coronavirus. Still, the strict border controls. #KimJongUnDeath https://t.co/qqr4eWp2ba']",17,20042,4.3,30,SC_091,0.74
7,ID3626981,[-37.782716 144.926285],Mr,63,0,26,2018-08-02,0,IT,7614,[],0,20040,0.57,14,SC_011,0.89
8,ID3365360,[-37.784414 144.927479],Mr,26,0,5,2018-06-13,1,IT,1920,"['From the WHO, ways to stay safe and slow down the spread of #Covid19\n#lockdownUKnow\n#StayHomeSaveLives https://t.co/uxGyVRrgd2', 'The minister assured parents that school buildings will be sanitised daily and pupils will be screened daily to prevent Covid-19 spreading at schools. https://t.co/lR17XB1f1q', '@ariminato24 @hindustaniveer2 @eklavya018 @ippatel https://t.co/i2elO1liqt https://t.co/hhdAmaecpV', 'African Development Bank approves ‚Ç¨188m ($204m) loan for Mauritius to respond to COVID-19 https://t.co/VkD5kYyAQO via @todaynewsafrica', 'Gen Con fails saving throw, 2020 convention canceled due to COVID-19 International CryptoCurrency News https://t.co/hYD1SigmKl', 'How to develop a Covid-19 vaccine for all https://t.co/CiuODHYsIQ via @socialeurope', 'ENOUGH. OUT! https://t.co/3eEIKnd692', ""Isn't it beautiful that nobody is linking CoVid19 and the 5th Generation of network communication  (5G network) again?\n\nLet's give ourselves the kudo.. Our campaign is really gaining grounds.\n\nLet's Do More \n#NoaAbiaCares\n@GarbaAbari \n@EdekobiMette \n@NOA_Nigeria \n@DirectorNOAbia"", 'COVID-19 contact tracing hits Apple devices with iOS and iPadOS 13.5 ‚Äì Ars Technica https://t.co/RIn5yQzPHi', ""More than 32,200 people have died of the novel #coronavirus in 294 cities checkered across all of #Iran's 31 provinces, according to the #Iranian opposition #PMOI/#MEK. https://t.co/FA4uMRIeQb .@statedeptspox .@WHO .@COE"", ""Retweet üëá\n\n@tedlieu you are wrong again...  If your stance just to be 'anti-Trump' stopped people taking valid medication... you've blood on your hands.\n\nStop playing fucking games - this crisis is not an opportunity to stand on a political soapbox. \n\nüëá https://t.co/FJQG4cFqKk https://t.co/jHCz76rbEI"", ""@CCM1956 @ouchinagirl Maybe this is why? The past seven polls show most Americans approve of Trump's handling of the Coronavirus Pandemic\n\nhttps://t.co/soTXByO7cF ‚Ä¶ ‚Ä¶"", 'Criticising people forced into a bad situation instead of questioning the govt who said go back to work, but avoid public transport, therefore highlighting the risk and their knowledge of said risk https://t.co/Bd4MldUJmB', ""@TeejayJamal @jeffphilips1 @Onyema_Donald yeah and you're the witch doctor that diagnosed me with COVID19 on TwitterüòÅ"", '@Vickster016 @NJRicciardi @Thang06744601 @KarluskaP Haven‚Äôt they provided recovery data? Are they assuming if you‚Äôre not dead you‚Äôre an active case?\nhttps://t.co/ZltzPFt958 https://t.co/F8aklgJ5H5', 'Arm yourself against COVID-19 worries. Find trusted guidance and simple tips to stay mentally well.\nhttps://t.co/1WD2GwNgD4', 'For my counsellor friends - OU/BACP Open access course to support counsellors working online. https://t.co/NlcAurIcLi', 'Data by https://t.co/ofpHhoydHQ\n#CoronaVirus #COVID19 for the United States\n\nTop 3 tested by amount\n\nnumber tested / population / percentage / State\n220,880 / 19,453,561 / 1.14% / New York\n74,798 / 7,614,893 / 0.982% / Washington\n67,915 / 21,477,737 / 0.316% / Florida', 'Be it inflation or deflation our Covid-19 aftermath looks hugely challenging https://t.co/i6m3sQAE5j writes James Wells for @BrexitWatch5 #Brexit https://t.co/nPZeVEFbYy']",8,20040,0.35,14,SC_011,1.02
9,ID7625384,[-37.735497 144.827616],Mr,38,0,9,2019-06-30,0,Data Science,3407,"['#Wildliferescue centres struggle to treat #endangered species in #coronavirus outbreak\nShortages in funds, medicines and masks threaten charity work around the world\n#covid19 #coronaoutbreak #coronaafrica https://t.co/Hnfu53UFTy', 'This is how much you need for #retirement ‚Äî and how COVID-19 will change that. https://t.co/9IemtQgdpl', 'LIAR!! https://t.co/XkT5cENAdU', 'Irish dig deep to support virus-hit native Americans, repaying 150-year-old debt. Donations to tribes who have been badly hit by the coronavirus crisis are flooding in from Ireland as they repay a debt dating back to the 19th-century potato famine. https://t.co/Ir6ZASDE09', '@EmmaKennedy Could show how many people have had the disease possibly without even knowing &amp; where, it could also show that COVID19 has existed for longer than people think &amp; be mutated. The existence of some antibodies will go some way towards giving a greater level of protection than none.', '@its_ahickey re:  https://t.co/MBxYQol9Ir great article, but not a full picture of how we got here. See: https://t.co/TppbI7pkQR for a fuller picture.', ""Let's hope COVID-19 has flattened out by then! https://t.co/1oaZvdOyvK"", 'There are now more than 1000 confirmed coronavirus cases in the Greater Glasgow and Clyde area - a total of 1094, up 110 in the last day. https://t.co/1mVZJmMaPb', ""It's a really scary time to be black. It's a really scary time to be a POC. It's a really scary time to be.. well, anyone in these protests who are standing up for #GeorgeFloyd and #BlackLivesMatter \n\nStay safe. Wear your mask. We need everyone strong. #coronavirus\n #LAProtests"", 'South Korea coronavirus reinfections were actually false positives caused by a certain type of test - TheBlaze https://t.co/XaSVdILHDY', ""After delays related to logistical challenges and the COVID-19 pandemic, the science crew of the second leg of @MOSAiCArctic, including NSIDC's @JulienneStroeve, is back on shore. Stroeve‚Äôs research focused on remote sensing of sea ice. Learn more: https://t.co/nS5v9qMVps. https://t.co/2ausioHTZO"", 'That don‚Äôt mean it‚Äôs not out here https://t.co/a4fNPXPG6D', ""I had a dream about this Covid19 issue in Ghana.\n\nPlease let's not joke with this disease, else üò∑üò∑üò∑üò∑üò∑ https://t.co/a0zML4aOft"", 'I hate all you hardheaded fuckers for getting The Wharf shutdown with your greedy asses! Don‚Äôt ask me to donate to nary #coronavirus Go Fund Me page because you did it to yourself ü§∑üèæ\u200d‚ôÇÔ∏è https://t.co/TGB8U3xz5n', 'Are you seeking to support the wellbeing of loved ones or colleagues through the pandemic?\n\nOur new resource (supported by @hertscc) is a brief guide to having a conversation about mental health, with helpful information and tips: https://t.co/0o0RzHrCge #COVID19 #MentalHealth https://t.co/NWCT0oWIbm', ""Yes that's a brilliant idea \n\nLets all crash the economy and starve \n\n*sarcastic clapping* https://t.co/TnpmuXSE6E"", 'LIVE 08:00 GMT | ALPHA 1 | Coronavirus: EU Environment, Public Health &amp; Food Safety Committee Give Update  https://t.co/oXtIaTqmlN', '#Health #News &gt;&gt; Men are more likely than women to die of the coronavirus, so scientists are trea... Full Story, Click link below https://t.co/uUk7uvmLK8', 'The Vietnam War went for approx 19 years and 58,000+ US soldiers died.\n\nThe death toll in the US from COVID-19 in a mere few months is 53,000+\n\nBut the Trumpers think Donald is doing a great job. Mind boggling.', 'Shame on you @jkenney #COVID19 #COVID19AB #abpoli #cdnpoli #COVID19Canada @RachelNotley @NDP \n\nUCP government cancels Community Initiatives Program project grant stream indefinitely amid COVID-19 pandemic https://t.co/VputP5UHTd', '#CNNMeltdown  The truth is NOT propaganda CNN.  You suck fake news CNN. https://t.co/R2gBk4Q8Mp', 'here:\nhttps://t.co/OWZJXFcoIP', ""Today's Radio Lessons for Grade 12 on 21 April 2020:\nTune in to your favorite Community Radio Stations for Tourism @ 10H10 \n@DBE_KZN @DBE_SA\n#StayAtHome #COVID19 https://t.co/MPdGTrR1OY"", 'Uproar As COVID19 Patients In Gombe Protests At Their Isolation Center https://t.co/Xh5haXgtg1']",11,20002,2.64,32,SC_107,2.0
